sceneId,inputfile,labelfile
0000_00,C:\Users\ji\Documents\ScanNet-master\data\scene0000_00\2d-rendered-RGB\0.png,C:\Users\ji\Documents\ScanNet-master\data\scene0000_00\scene0000_00_2d-label-filt\label-filt\0.png
0000_00,C:\Users\ji\Documents\ScanNet-master\data\scene0000_00\2d-rendered-RGB\1.png,C:\Users\ji\Documents\ScanNet-master\data\scene0000_00\scene0000_00_2d-label-filt\label-filt\1.png
0000_00,C:\Users\ji\Documents\ScanNet-master\data\scene0000_00\2d-rendered-RGB\2.png,C:\Users\ji\Documents\ScanNet-master\data\scene0000_00\scene0000_00_2d-label-filt\label-filt\2.png
0000_00,C:\Users\ji\Documents\ScanNet-master\data\scene0000_00\2d-rendered-RGB\3.png,C:\Users\ji\Documents\ScanNet-master\data\scene0000_00\scene0000_00_2d-label-filt\label-filt\3.png
0000_00,C:\Users\ji\Documents\ScanNet-master\data\scene0000_00\2d-rendered-RGB\4.png,C:\Users\ji\Documents\ScanNet-master\data\scene0000_00\scene0000_00_2d-label-filt\label-filt\4.png
0000_00,C:\Users\ji\Documents\ScanNet-master\data\scene0000_00\2d-rendered-RGB\5.png,C:\Users\ji\Documents\ScanNet-master\data\scene0000_00\scene0000_00_2d-label-filt\label-filt\5.png
0000_00,C:\Users\ji\Documents\ScanNet-master\data\scene0000_00\2d-rendered-RGB\6.png,C:\Users\ji\Documents\ScanNet-master\data\scene0000_00\scene0000_00_2d-label-filt\label-filt\6.png
0000_00,C:\Users\ji\Documents\ScanNet-master\data\scene0000_00\2d-rendered-RGB\7.png,C:\Users\ji\Documents\ScanNet-master\data\scene0000_00\scene0000_00_2d-label-filt\label-filt\7.png
0000_00,C:\Users\ji\Documents\ScanNet-master\data\scene0000_00\2d-rendered-RGB\8.png,C:\Users\ji\Documents\ScanNet-master\data\scene0000_00\scene0000_00_2d-label-filt\label-filt\8.png
0000_00,C:\Users\ji\Documents\ScanNet-master\data\scene0000_00\2d-rendered-RGB\9.png,C:\Users\ji\Documents\ScanNet-master\data\scene0000_00\scene0000_00_2d-label-filt\label-filt\9.png
0000_00,C:\Users\ji\Documents\ScanNet-master\data\scene0000_00\2d-rendered-RGB\10.png,C:\Users\ji\Documents\ScanNet-master\data\scene0000_00\scene0000_00_2d-label-filt\label-filt\10.png
0000_00,C:\Users\ji\Documents\ScanNet-master\data\scene0000_00\2d-rendered-RGB\11.png,C:\Users\ji\Documents\ScanNet-master\data\scene0000_00\scene0000_00_2d-label-filt\label-filt\11.png
0000_00,C:\Users\ji\Documents\ScanNet-master\data\scene0000_00\2d-rendered-RGB\12.png,C:\Users\ji\Documents\ScanNet-master\data\scene0000_00\scene0000_00_2d-label-filt\label-filt\12.png
0000_00,C:\Users\ji\Documents\ScanNet-master\data\scene0000_00\2d-rendered-RGB\13.png,C:\Users\ji\Documents\ScanNet-master\data\scene0000_00\scene0000_00_2d-label-filt\label-filt\13.png
0000_00,C:\Users\ji\Documents\ScanNet-master\data\scene0000_00\2d-rendered-RGB\14.png,C:\Users\ji\Documents\ScanNet-master\data\scene0000_00\scene0000_00_2d-label-filt\label-filt\14.png
0000_00,C:\Users\ji\Documents\ScanNet-master\data\scene0000_00\2d-rendered-RGB\15.png,C:\Users\ji\Documents\ScanNet-master\data\scene0000_00\scene0000_00_2d-label-filt\label-filt\15.png
0000_00,C:\Users\ji\Documents\ScanNet-master\data\scene0000_00\2d-rendered-RGB\16.png,C:\Users\ji\Documents\ScanNet-master\data\scene0000_00\scene0000_00_2d-label-filt\label-filt\16.png
0000_00,C:\Users\ji\Documents\ScanNet-master\data\scene0000_00\2d-rendered-RGB\17.png,C:\Users\ji\Documents\ScanNet-master\data\scene0000_00\scene0000_00_2d-label-filt\label-filt\17.png
0000_00,C:\Users\ji\Documents\ScanNet-master\data\scene0000_00\2d-rendered-RGB\18.png,C:\Users\ji\Documents\ScanNet-master\data\scene0000_00\scene0000_00_2d-label-filt\label-filt\18.png
0000_00,C:\Users\ji\Documents\ScanNet-master\data\scene0000_00\2d-rendered-RGB\19.png,C:\Users\ji\Documents\ScanNet-master\data\scene0000_00\scene0000_00_2d-label-filt\label-filt\19.png
0000_00,C:\Users\ji\Documents\ScanNet-master\data\scene0000_00\2d-rendered-RGB\20.png,C:\Users\ji\Documents\ScanNet-master\data\scene0000_00\scene0000_00_2d-label-filt\label-filt\20.png
0000_00,C:\Users\ji\Documents\ScanNet-master\data\scene0000_00\2d-rendered-RGB\21.png,C:\Users\ji\Documents\ScanNet-master\data\scene0000_00\scene0000_00_2d-label-filt\label-filt\21.png
0000_00,C:\Users\ji\Documents\ScanNet-master\data\scene0000_00\2d-rendered-RGB\22.png,C:\Users\ji\Documents\ScanNet-master\data\scene0000_00\scene0000_00_2d-label-filt\label-filt\22.png
0000_00,C:\Users\ji\Documents\ScanNet-master\data\scene0000_00\2d-rendered-RGB\23.png,C:\Users\ji\Documents\ScanNet-master\data\scene0000_00\scene0000_00_2d-label-filt\label-filt\23.png
0000_00,C:\Users\ji\Documents\ScanNet-master\data\scene0000_00\2d-rendered-RGB\24.png,C:\Users\ji\Documents\ScanNet-master\data\scene0000_00\scene0000_00_2d-label-filt\label-filt\24.png
0000_00,C:\Users\ji\Documents\ScanNet-master\data\scene0000_00\2d-rendered-RGB\25.png,C:\Users\ji\Documents\ScanNet-master\data\scene0000_00\scene0000_00_2d-label-filt\label-filt\25.png
0000_00,C:\Users\ji\Documents\ScanNet-master\data\scene0000_00\2d-rendered-RGB\26.png,C:\Users\ji\Documents\ScanNet-master\data\scene0000_00\scene0000_00_2d-label-filt\label-filt\26.png
0000_00,C:\Users\ji\Documents\ScanNet-master\data\scene0000_00\2d-rendered-RGB\27.png,C:\Users\ji\Documents\ScanNet-master\data\scene0000_00\scene0000_00_2d-label-filt\label-filt\27.png
0000_00,C:\Users\ji\Documents\ScanNet-master\data\scene0000_00\2d-rendered-RGB\28.png,C:\Users\ji\Documents\ScanNet-master\data\scene0000_00\scene0000_00_2d-label-filt\label-filt\28.png
0000_00,C:\Users\ji\Documents\ScanNet-master\data\scene0000_00\2d-rendered-RGB\29.png,C:\Users\ji\Documents\ScanNet-master\data\scene0000_00\scene0000_00_2d-label-filt\label-filt\29.png
0000_00,C:\Users\ji\Documents\ScanNet-master\data\scene0000_00\2d-rendered-RGB\30.png,C:\Users\ji\Documents\ScanNet-master\data\scene0000_00\scene0000_00_2d-label-filt\label-filt\30.png
0000_00,C:\Users\ji\Documents\ScanNet-master\data\scene0000_00\2d-rendered-RGB\31.png,C:\Users\ji\Documents\ScanNet-master\data\scene0000_00\scene0000_00_2d-label-filt\label-filt\31.png
0000_00,C:\Users\ji\Documents\ScanNet-master\data\scene0000_00\2d-rendered-RGB\32.png,C:\Users\ji\Documents\ScanNet-master\data\scene0000_00\scene0000_00_2d-label-filt\label-filt\32.png
0000_00,C:\Users\ji\Documents\ScanNet-master\data\scene0000_00\2d-rendered-RGB\33.png,C:\Users\ji\Documents\ScanNet-master\data\scene0000_00\scene0000_00_2d-label-filt\label-filt\33.png
0000_00,C:\Users\ji\Documents\ScanNet-master\data\scene0000_00\2d-rendered-RGB\34.png,C:\Users\ji\Documents\ScanNet-master\data\scene0000_00\scene0000_00_2d-label-filt\label-filt\34.png
0000_00,C:\Users\ji\Documents\ScanNet-master\data\scene0000_00\2d-rendered-RGB\35.png,C:\Users\ji\Documents\ScanNet-master\data\scene0000_00\scene0000_00_2d-label-filt\label-filt\35.png
0000_00,C:\Users\ji\Documents\ScanNet-master\data\scene0000_00\2d-rendered-RGB\36.png,C:\Users\ji\Documents\ScanNet-master\data\scene0000_00\scene0000_00_2d-label-filt\label-filt\36.png
0000_00,C:\Users\ji\Documents\ScanNet-master\data\scene0000_00\2d-rendered-RGB\37.png,C:\Users\ji\Documents\ScanNet-master\data\scene0000_00\scene0000_00_2d-label-filt\label-filt\37.png
0000_00,C:\Users\ji\Documents\ScanNet-master\data\scene0000_00\2d-rendered-RGB\38.png,C:\Users\ji\Documents\ScanNet-master\data\scene0000_00\scene0000_00_2d-label-filt\label-filt\38.png
0000_00,C:\Users\ji\Documents\ScanNet-master\data\scene0000_00\2d-rendered-RGB\39.png,C:\Users\ji\Documents\ScanNet-master\data\scene0000_00\scene0000_00_2d-label-filt\label-filt\39.png
0000_00,C:\Users\ji\Documents\ScanNet-master\data\scene0000_00\2d-rendered-RGB\40.png,C:\Users\ji\Documents\ScanNet-master\data\scene0000_00\scene0000_00_2d-label-filt\label-filt\40.png
0000_00,C:\Users\ji\Documents\ScanNet-master\data\scene0000_00\2d-rendered-RGB\41.png,C:\Users\ji\Documents\ScanNet-master\data\scene0000_00\scene0000_00_2d-label-filt\label-filt\41.png
0000_00,C:\Users\ji\Documents\ScanNet-master\data\scene0000_00\2d-rendered-RGB\42.png,C:\Users\ji\Documents\ScanNet-master\data\scene0000_00\scene0000_00_2d-label-filt\label-filt\42.png
0000_00,C:\Users\ji\Documents\ScanNet-master\data\scene0000_00\2d-rendered-RGB\43.png,C:\Users\ji\Documents\ScanNet-master\data\scene0000_00\scene0000_00_2d-label-filt\label-filt\43.png
0000_00,C:\Users\ji\Documents\ScanNet-master\data\scene0000_00\2d-rendered-RGB\44.png,C:\Users\ji\Documents\ScanNet-master\data\scene0000_00\scene0000_00_2d-label-filt\label-filt\44.png
0000_00,C:\Users\ji\Documents\ScanNet-master\data\scene0000_00\2d-rendered-RGB\45.png,C:\Users\ji\Documents\ScanNet-master\data\scene0000_00\scene0000_00_2d-label-filt\label-filt\45.png
0000_00,C:\Users\ji\Documents\ScanNet-master\data\scene0000_00\2d-rendered-RGB\46.png,C:\Users\ji\Documents\ScanNet-master\data\scene0000_00\scene0000_00_2d-label-filt\label-filt\46.png
0000_00,C:\Users\ji\Documents\ScanNet-master\data\scene0000_00\2d-rendered-RGB\47.png,C:\Users\ji\Documents\ScanNet-master\data\scene0000_00\scene0000_00_2d-label-filt\label-filt\47.png
0000_00,C:\Users\ji\Documents\ScanNet-master\data\scene0000_00\2d-rendered-RGB\48.png,C:\Users\ji\Documents\ScanNet-master\data\scene0000_00\scene0000_00_2d-label-filt\label-filt\48.png
0000_00,C:\Users\ji\Documents\ScanNet-master\data\scene0000_00\2d-rendered-RGB\49.png,C:\Users\ji\Documents\ScanNet-master\data\scene0000_00\scene0000_00_2d-label-filt\label-filt\49.png
0000_00,C:\Users\ji\Documents\ScanNet-master\data\scene0000_00\2d-rendered-RGB\50.png,C:\Users\ji\Documents\ScanNet-master\data\scene0000_00\scene0000_00_2d-label-filt\label-filt\50.png
0000_00,C:\Users\ji\Documents\ScanNet-master\data\scene0000_00\2d-rendered-RGB\51.png,C:\Users\ji\Documents\ScanNet-master\data\scene0000_00\scene0000_00_2d-label-filt\label-filt\51.png
0000_00,C:\Users\ji\Documents\ScanNet-master\data\scene0000_00\2d-rendered-RGB\52.png,C:\Users\ji\Documents\ScanNet-master\data\scene0000_00\scene0000_00_2d-label-filt\label-filt\52.png
0000_00,C:\Users\ji\Documents\ScanNet-master\data\scene0000_00\2d-rendered-RGB\53.png,C:\Users\ji\Documents\ScanNet-master\data\scene0000_00\scene0000_00_2d-label-filt\label-filt\53.png
0000_00,C:\Users\ji\Documents\ScanNet-master\data\scene0000_00\2d-rendered-RGB\54.png,C:\Users\ji\Documents\ScanNet-master\data\scene0000_00\scene0000_00_2d-label-filt\label-filt\54.png
0000_00,C:\Users\ji\Documents\ScanNet-master\data\scene0000_00\2d-rendered-RGB\55.png,C:\Users\ji\Documents\ScanNet-master\data\scene0000_00\scene0000_00_2d-label-filt\label-filt\55.png
0000_00,C:\Users\ji\Documents\ScanNet-master\data\scene0000_00\2d-rendered-RGB\56.png,C:\Users\ji\Documents\ScanNet-master\data\scene0000_00\scene0000_00_2d-label-filt\label-filt\56.png
0000_00,C:\Users\ji\Documents\ScanNet-master\data\scene0000_00\2d-rendered-RGB\57.png,C:\Users\ji\Documents\ScanNet-master\data\scene0000_00\scene0000_00_2d-label-filt\label-filt\57.png
0000_00,C:\Users\ji\Documents\ScanNet-master\data\scene0000_00\2d-rendered-RGB\58.png,C:\Users\ji\Documents\ScanNet-master\data\scene0000_00\scene0000_00_2d-label-filt\label-filt\58.png
0000_00,C:\Users\ji\Documents\ScanNet-master\data\scene0000_00\2d-rendered-RGB\59.png,C:\Users\ji\Documents\ScanNet-master\data\scene0000_00\scene0000_00_2d-label-filt\label-filt\59.png
0000_00,C:\Users\ji\Documents\ScanNet-master\data\scene0000_00\2d-rendered-RGB\60.png,C:\Users\ji\Documents\ScanNet-master\data\scene0000_00\scene0000_00_2d-label-filt\label-filt\60.png
0000_00,C:\Users\ji\Documents\ScanNet-master\data\scene0000_00\2d-rendered-RGB\61.png,C:\Users\ji\Documents\ScanNet-master\data\scene0000_00\scene0000_00_2d-label-filt\label-filt\61.png
0000_00,C:\Users\ji\Documents\ScanNet-master\data\scene0000_00\2d-rendered-RGB\62.png,C:\Users\ji\Documents\ScanNet-master\data\scene0000_00\scene0000_00_2d-label-filt\label-filt\62.png
0000_00,C:\Users\ji\Documents\ScanNet-master\data\scene0000_00\2d-rendered-RGB\63.png,C:\Users\ji\Documents\ScanNet-master\data\scene0000_00\scene0000_00_2d-label-filt\label-filt\63.png
0000_00,C:\Users\ji\Documents\ScanNet-master\data\scene0000_00\2d-rendered-RGB\64.png,C:\Users\ji\Documents\ScanNet-master\data\scene0000_00\scene0000_00_2d-label-filt\label-filt\64.png
0000_00,C:\Users\ji\Documents\ScanNet-master\data\scene0000_00\2d-rendered-RGB\65.png,C:\Users\ji\Documents\ScanNet-master\data\scene0000_00\scene0000_00_2d-label-filt\label-filt\65.png
0000_00,C:\Users\ji\Documents\ScanNet-master\data\scene0000_00\2d-rendered-RGB\66.png,C:\Users\ji\Documents\ScanNet-master\data\scene0000_00\scene0000_00_2d-label-filt\label-filt\66.png
0000_00,C:\Users\ji\Documents\ScanNet-master\data\scene0000_00\2d-rendered-RGB\67.png,C:\Users\ji\Documents\ScanNet-master\data\scene0000_00\scene0000_00_2d-label-filt\label-filt\67.png
0000_00,C:\Users\ji\Documents\ScanNet-master\data\scene0000_00\2d-rendered-RGB\68.png,C:\Users\ji\Documents\ScanNet-master\data\scene0000_00\scene0000_00_2d-label-filt\label-filt\68.png
0000_00,C:\Users\ji\Documents\ScanNet-master\data\scene0000_00\2d-rendered-RGB\69.png,C:\Users\ji\Documents\ScanNet-master\data\scene0000_00\scene0000_00_2d-label-filt\label-filt\69.png
0000_00,C:\Users\ji\Documents\ScanNet-master\data\scene0000_00\2d-rendered-RGB\70.png,C:\Users\ji\Documents\ScanNet-master\data\scene0000_00\scene0000_00_2d-label-filt\label-filt\70.png
0000_00,C:\Users\ji\Documents\ScanNet-master\data\scene0000_00\2d-rendered-RGB\71.png,C:\Users\ji\Documents\ScanNet-master\data\scene0000_00\scene0000_00_2d-label-filt\label-filt\71.png
0000_00,C:\Users\ji\Documents\ScanNet-master\data\scene0000_00\2d-rendered-RGB\72.png,C:\Users\ji\Documents\ScanNet-master\data\scene0000_00\scene0000_00_2d-label-filt\label-filt\72.png
0000_00,C:\Users\ji\Documents\ScanNet-master\data\scene0000_00\2d-rendered-RGB\73.png,C:\Users\ji\Documents\ScanNet-master\data\scene0000_00\scene0000_00_2d-label-filt\label-filt\73.png
0000_00,C:\Users\ji\Documents\ScanNet-master\data\scene0000_00\2d-rendered-RGB\74.png,C:\Users\ji\Documents\ScanNet-master\data\scene0000_00\scene0000_00_2d-label-filt\label-filt\74.png
0000_00,C:\Users\ji\Documents\ScanNet-master\data\scene0000_00\2d-rendered-RGB\75.png,C:\Users\ji\Documents\ScanNet-master\data\scene0000_00\scene0000_00_2d-label-filt\label-filt\75.png
0000_00,C:\Users\ji\Documents\ScanNet-master\data\scene0000_00\2d-rendered-RGB\76.png,C:\Users\ji\Documents\ScanNet-master\data\scene0000_00\scene0000_00_2d-label-filt\label-filt\76.png
0000_00,C:\Users\ji\Documents\ScanNet-master\data\scene0000_00\2d-rendered-RGB\77.png,C:\Users\ji\Documents\ScanNet-master\data\scene0000_00\scene0000_00_2d-label-filt\label-filt\77.png
0000_00,C:\Users\ji\Documents\ScanNet-master\data\scene0000_00\2d-rendered-RGB\78.png,C:\Users\ji\Documents\ScanNet-master\data\scene0000_00\scene0000_00_2d-label-filt\label-filt\78.png
0000_00,C:\Users\ji\Documents\ScanNet-master\data\scene0000_00\2d-rendered-RGB\79.png,C:\Users\ji\Documents\ScanNet-master\data\scene0000_00\scene0000_00_2d-label-filt\label-filt\79.png
0000_00,C:\Users\ji\Documents\ScanNet-master\data\scene0000_00\2d-rendered-RGB\80.png,C:\Users\ji\Documents\ScanNet-master\data\scene0000_00\scene0000_00_2d-label-filt\label-filt\80.png
0000_00,C:\Users\ji\Documents\ScanNet-master\data\scene0000_00\2d-rendered-RGB\81.png,C:\Users\ji\Documents\ScanNet-master\data\scene0000_00\scene0000_00_2d-label-filt\label-filt\81.png
0000_00,C:\Users\ji\Documents\ScanNet-master\data\scene0000_00\2d-rendered-RGB\82.png,C:\Users\ji\Documents\ScanNet-master\data\scene0000_00\scene0000_00_2d-label-filt\label-filt\82.png
0000_00,C:\Users\ji\Documents\ScanNet-master\data\scene0000_00\2d-rendered-RGB\83.png,C:\Users\ji\Documents\ScanNet-master\data\scene0000_00\scene0000_00_2d-label-filt\label-filt\83.png
0000_00,C:\Users\ji\Documents\ScanNet-master\data\scene0000_00\2d-rendered-RGB\84.png,C:\Users\ji\Documents\ScanNet-master\data\scene0000_00\scene0000_00_2d-label-filt\label-filt\84.png
0000_00,C:\Users\ji\Documents\ScanNet-master\data\scene0000_00\2d-rendered-RGB\85.png,C:\Users\ji\Documents\ScanNet-master\data\scene0000_00\scene0000_00_2d-label-filt\label-filt\85.png
0000_00,C:\Users\ji\Documents\ScanNet-master\data\scene0000_00\2d-rendered-RGB\86.png,C:\Users\ji\Documents\ScanNet-master\data\scene0000_00\scene0000_00_2d-label-filt\label-filt\86.png
0000_00,C:\Users\ji\Documents\ScanNet-master\data\scene0000_00\2d-rendered-RGB\87.png,C:\Users\ji\Documents\ScanNet-master\data\scene0000_00\scene0000_00_2d-label-filt\label-filt\87.png
0000_00,C:\Users\ji\Documents\ScanNet-master\data\scene0000_00\2d-rendered-RGB\88.png,C:\Users\ji\Documents\ScanNet-master\data\scene0000_00\scene0000_00_2d-label-filt\label-filt\88.png
0000_00,C:\Users\ji\Documents\ScanNet-master\data\scene0000_00\2d-rendered-RGB\89.png,C:\Users\ji\Documents\ScanNet-master\data\scene0000_00\scene0000_00_2d-label-filt\label-filt\89.png
0000_00,C:\Users\ji\Documents\ScanNet-master\data\scene0000_00\2d-rendered-RGB\90.png,C:\Users\ji\Documents\ScanNet-master\data\scene0000_00\scene0000_00_2d-label-filt\label-filt\90.png
0000_00,C:\Users\ji\Documents\ScanNet-master\data\scene0000_00\2d-rendered-RGB\91.png,C:\Users\ji\Documents\ScanNet-master\data\scene0000_00\scene0000_00_2d-label-filt\label-filt\91.png
0000_00,C:\Users\ji\Documents\ScanNet-master\data\scene0000_00\2d-rendered-RGB\92.png,C:\Users\ji\Documents\ScanNet-master\data\scene0000_00\scene0000_00_2d-label-filt\label-filt\92.png
0000_00,C:\Users\ji\Documents\ScanNet-master\data\scene0000_00\2d-rendered-RGB\93.png,C:\Users\ji\Documents\ScanNet-master\data\scene0000_00\scene0000_00_2d-label-filt\label-filt\93.png
0000_00,C:\Users\ji\Documents\ScanNet-master\data\scene0000_00\2d-rendered-RGB\94.png,C:\Users\ji\Documents\ScanNet-master\data\scene0000_00\scene0000_00_2d-label-filt\label-filt\94.png
0000_00,C:\Users\ji\Documents\ScanNet-master\data\scene0000_00\2d-rendered-RGB\95.png,C:\Users\ji\Documents\ScanNet-master\data\scene0000_00\scene0000_00_2d-label-filt\label-filt\95.png
0000_00,C:\Users\ji\Documents\ScanNet-master\data\scene0000_00\2d-rendered-RGB\96.png,C:\Users\ji\Documents\ScanNet-master\data\scene0000_00\scene0000_00_2d-label-filt\label-filt\96.png
0000_00,C:\Users\ji\Documents\ScanNet-master\data\scene0000_00\2d-rendered-RGB\97.png,C:\Users\ji\Documents\ScanNet-master\data\scene0000_00\scene0000_00_2d-label-filt\label-filt\97.png
0000_00,C:\Users\ji\Documents\ScanNet-master\data\scene0000_00\2d-rendered-RGB\98.png,C:\Users\ji\Documents\ScanNet-master\data\scene0000_00\scene0000_00_2d-label-filt\label-filt\98.png
0000_00,C:\Users\ji\Documents\ScanNet-master\data\scene0000_00\2d-rendered-RGB\99.png,C:\Users\ji\Documents\ScanNet-master\data\scene0000_00\scene0000_00_2d-label-filt\label-filt\99.png
0000_00,C:\Users\ji\Documents\ScanNet-master\data\scene0000_00\2d-rendered-RGB\100.png,C:\Users\ji\Documents\ScanNet-master\data\scene0000_00\scene0000_00_2d-label-filt\label-filt\100.png
0000_00,C:\Users\ji\Documents\ScanNet-master\data\scene0000_00\2d-rendered-RGB\101.png,C:\Users\ji\Documents\ScanNet-master\data\scene0000_00\scene0000_00_2d-label-filt\label-filt\101.png
0000_00,C:\Users\ji\Documents\ScanNet-master\data\scene0000_00\2d-rendered-RGB\102.png,C:\Users\ji\Documents\ScanNet-master\data\scene0000_00\scene0000_00_2d-label-filt\label-filt\102.png
0000_00,C:\Users\ji\Documents\ScanNet-master\data\scene0000_00\2d-rendered-RGB\103.png,C:\Users\ji\Documents\ScanNet-master\data\scene0000_00\scene0000_00_2d-label-filt\label-filt\103.png
0000_00,C:\Users\ji\Documents\ScanNet-master\data\scene0000_00\2d-rendered-RGB\104.png,C:\Users\ji\Documents\ScanNet-master\data\scene0000_00\scene0000_00_2d-label-filt\label-filt\104.png
0000_00,C:\Users\ji\Documents\ScanNet-master\data\scene0000_00\2d-rendered-RGB\105.png,C:\Users\ji\Documents\ScanNet-master\data\scene0000_00\scene0000_00_2d-label-filt\label-filt\105.png
0000_00,C:\Users\ji\Documents\ScanNet-master\data\scene0000_00\2d-rendered-RGB\106.png,C:\Users\ji\Documents\ScanNet-master\data\scene0000_00\scene0000_00_2d-label-filt\label-filt\106.png
0000_00,C:\Users\ji\Documents\ScanNet-master\data\scene0000_00\2d-rendered-RGB\107.png,C:\Users\ji\Documents\ScanNet-master\data\scene0000_00\scene0000_00_2d-label-filt\label-filt\107.png
0000_00,C:\Users\ji\Documents\ScanNet-master\data\scene0000_00\2d-rendered-RGB\108.png,C:\Users\ji\Documents\ScanNet-master\data\scene0000_00\scene0000_00_2d-label-filt\label-filt\108.png
0000_00,C:\Users\ji\Documents\ScanNet-master\data\scene0000_00\2d-rendered-RGB\109.png,C:\Users\ji\Documents\ScanNet-master\data\scene0000_00\scene0000_00_2d-label-filt\label-filt\109.png
0000_00,C:\Users\ji\Documents\ScanNet-master\data\scene0000_00\2d-rendered-RGB\110.png,C:\Users\ji\Documents\ScanNet-master\data\scene0000_00\scene0000_00_2d-label-filt\label-filt\110.png
0000_00,C:\Users\ji\Documents\ScanNet-master\data\scene0000_00\2d-rendered-RGB\111.png,C:\Users\ji\Documents\ScanNet-master\data\scene0000_00\scene0000_00_2d-label-filt\label-filt\111.png
0000_00,C:\Users\ji\Documents\ScanNet-master\data\scene0000_00\2d-rendered-RGB\112.png,C:\Users\ji\Documents\ScanNet-master\data\scene0000_00\scene0000_00_2d-label-filt\label-filt\112.png
0000_00,C:\Users\ji\Documents\ScanNet-master\data\scene0000_00\2d-rendered-RGB\113.png,C:\Users\ji\Documents\ScanNet-master\data\scene0000_00\scene0000_00_2d-label-filt\label-filt\113.png
0000_00,C:\Users\ji\Documents\ScanNet-master\data\scene0000_00\2d-rendered-RGB\114.png,C:\Users\ji\Documents\ScanNet-master\data\scene0000_00\scene0000_00_2d-label-filt\label-filt\114.png
0000_00,C:\Users\ji\Documents\ScanNet-master\data\scene0000_00\2d-rendered-RGB\115.png,C:\Users\ji\Documents\ScanNet-master\data\scene0000_00\scene0000_00_2d-label-filt\label-filt\115.png
0000_00,C:\Users\ji\Documents\ScanNet-master\data\scene0000_00\2d-rendered-RGB\116.png,C:\Users\ji\Documents\ScanNet-master\data\scene0000_00\scene0000_00_2d-label-filt\label-filt\116.png
0000_00,C:\Users\ji\Documents\ScanNet-master\data\scene0000_00\2d-rendered-RGB\117.png,C:\Users\ji\Documents\ScanNet-master\data\scene0000_00\scene0000_00_2d-label-filt\label-filt\117.png
0000_00,C:\Users\ji\Documents\ScanNet-master\data\scene0000_00\2d-rendered-RGB\118.png,C:\Users\ji\Documents\ScanNet-master\data\scene0000_00\scene0000_00_2d-label-filt\label-filt\118.png
0000_00,C:\Users\ji\Documents\ScanNet-master\data\scene0000_00\2d-rendered-RGB\119.png,C:\Users\ji\Documents\ScanNet-master\data\scene0000_00\scene0000_00_2d-label-filt\label-filt\119.png
0000_00,C:\Users\ji\Documents\ScanNet-master\data\scene0000_00\2d-rendered-RGB\120.png,C:\Users\ji\Documents\ScanNet-master\data\scene0000_00\scene0000_00_2d-label-filt\label-filt\120.png
0000_00,C:\Users\ji\Documents\ScanNet-master\data\scene0000_00\2d-rendered-RGB\121.png,C:\Users\ji\Documents\ScanNet-master\data\scene0000_00\scene0000_00_2d-label-filt\label-filt\121.png
0000_00,C:\Users\ji\Documents\ScanNet-master\data\scene0000_00\2d-rendered-RGB\122.png,C:\Users\ji\Documents\ScanNet-master\data\scene0000_00\scene0000_00_2d-label-filt\label-filt\122.png
0000_00,C:\Users\ji\Documents\ScanNet-master\data\scene0000_00\2d-rendered-RGB\123.png,C:\Users\ji\Documents\ScanNet-master\data\scene0000_00\scene0000_00_2d-label-filt\label-filt\123.png
0000_00,C:\Users\ji\Documents\ScanNet-master\data\scene0000_00\2d-rendered-RGB\124.png,C:\Users\ji\Documents\ScanNet-master\data\scene0000_00\scene0000_00_2d-label-filt\label-filt\124.png
0000_00,C:\Users\ji\Documents\ScanNet-master\data\scene0000_00\2d-rendered-RGB\125.png,C:\Users\ji\Documents\ScanNet-master\data\scene0000_00\scene0000_00_2d-label-filt\label-filt\125.png
0000_00,C:\Users\ji\Documents\ScanNet-master\data\scene0000_00\2d-rendered-RGB\126.png,C:\Users\ji\Documents\ScanNet-master\data\scene0000_00\scene0000_00_2d-label-filt\label-filt\126.png
0000_00,C:\Users\ji\Documents\ScanNet-master\data\scene0000_00\2d-rendered-RGB\127.png,C:\Users\ji\Documents\ScanNet-master\data\scene0000_00\scene0000_00_2d-label-filt\label-filt\127.png
0000_00,C:\Users\ji\Documents\ScanNet-master\data\scene0000_00\2d-rendered-RGB\128.png,C:\Users\ji\Documents\ScanNet-master\data\scene0000_00\scene0000_00_2d-label-filt\label-filt\128.png
0000_00,C:\Users\ji\Documents\ScanNet-master\data\scene0000_00\2d-rendered-RGB\129.png,C:\Users\ji\Documents\ScanNet-master\data\scene0000_00\scene0000_00_2d-label-filt\label-filt\129.png
0000_00,C:\Users\ji\Documents\ScanNet-master\data\scene0000_00\2d-rendered-RGB\130.png,C:\Users\ji\Documents\ScanNet-master\data\scene0000_00\scene0000_00_2d-label-filt\label-filt\130.png
0000_00,C:\Users\ji\Documents\ScanNet-master\data\scene0000_00\2d-rendered-RGB\131.png,C:\Users\ji\Documents\ScanNet-master\data\scene0000_00\scene0000_00_2d-label-filt\label-filt\131.png
0000_00,C:\Users\ji\Documents\ScanNet-master\data\scene0000_00\2d-rendered-RGB\132.png,C:\Users\ji\Documents\ScanNet-master\data\scene0000_00\scene0000_00_2d-label-filt\label-filt\132.png
0000_00,C:\Users\ji\Documents\ScanNet-master\data\scene0000_00\2d-rendered-RGB\133.png,C:\Users\ji\Documents\ScanNet-master\data\scene0000_00\scene0000_00_2d-label-filt\label-filt\133.png
0000_00,C:\Users\ji\Documents\ScanNet-master\data\scene0000_00\2d-rendered-RGB\134.png,C:\Users\ji\Documents\ScanNet-master\data\scene0000_00\scene0000_00_2d-label-filt\label-filt\134.png
0000_00,C:\Users\ji\Documents\ScanNet-master\data\scene0000_00\2d-rendered-RGB\135.png,C:\Users\ji\Documents\ScanNet-master\data\scene0000_00\scene0000_00_2d-label-filt\label-filt\135.png
0000_00,C:\Users\ji\Documents\ScanNet-master\data\scene0000_00\2d-rendered-RGB\136.png,C:\Users\ji\Documents\ScanNet-master\data\scene0000_00\scene0000_00_2d-label-filt\label-filt\136.png
0000_00,C:\Users\ji\Documents\ScanNet-master\data\scene0000_00\2d-rendered-RGB\137.png,C:\Users\ji\Documents\ScanNet-master\data\scene0000_00\scene0000_00_2d-label-filt\label-filt\137.png
0000_00,C:\Users\ji\Documents\ScanNet-master\data\scene0000_00\2d-rendered-RGB\138.png,C:\Users\ji\Documents\ScanNet-master\data\scene0000_00\scene0000_00_2d-label-filt\label-filt\138.png
0000_00,C:\Users\ji\Documents\ScanNet-master\data\scene0000_00\2d-rendered-RGB\139.png,C:\Users\ji\Documents\ScanNet-master\data\scene0000_00\scene0000_00_2d-label-filt\label-filt\139.png
0000_00,C:\Users\ji\Documents\ScanNet-master\data\scene0000_00\2d-rendered-RGB\140.png,C:\Users\ji\Documents\ScanNet-master\data\scene0000_00\scene0000_00_2d-label-filt\label-filt\140.png
0000_00,C:\Users\ji\Documents\ScanNet-master\data\scene0000_00\2d-rendered-RGB\141.png,C:\Users\ji\Documents\ScanNet-master\data\scene0000_00\scene0000_00_2d-label-filt\label-filt\141.png
0000_00,C:\Users\ji\Documents\ScanNet-master\data\scene0000_00\2d-rendered-RGB\142.png,C:\Users\ji\Documents\ScanNet-master\data\scene0000_00\scene0000_00_2d-label-filt\label-filt\142.png
0000_00,C:\Users\ji\Documents\ScanNet-master\data\scene0000_00\2d-rendered-RGB\143.png,C:\Users\ji\Documents\ScanNet-master\data\scene0000_00\scene0000_00_2d-label-filt\label-filt\143.png
0000_00,C:\Users\ji\Documents\ScanNet-master\data\scene0000_00\2d-rendered-RGB\144.png,C:\Users\ji\Documents\ScanNet-master\data\scene0000_00\scene0000_00_2d-label-filt\label-filt\144.png
0000_00,C:\Users\ji\Documents\ScanNet-master\data\scene0000_00\2d-rendered-RGB\145.png,C:\Users\ji\Documents\ScanNet-master\data\scene0000_00\scene0000_00_2d-label-filt\label-filt\145.png
0000_00,C:\Users\ji\Documents\ScanNet-master\data\scene0000_00\2d-rendered-RGB\146.png,C:\Users\ji\Documents\ScanNet-master\data\scene0000_00\scene0000_00_2d-label-filt\label-filt\146.png
0000_00,C:\Users\ji\Documents\ScanNet-master\data\scene0000_00\2d-rendered-RGB\147.png,C:\Users\ji\Documents\ScanNet-master\data\scene0000_00\scene0000_00_2d-label-filt\label-filt\147.png
0000_00,C:\Users\ji\Documents\ScanNet-master\data\scene0000_00\2d-rendered-RGB\148.png,C:\Users\ji\Documents\ScanNet-master\data\scene0000_00\scene0000_00_2d-label-filt\label-filt\148.png
0000_00,C:\Users\ji\Documents\ScanNet-master\data\scene0000_00\2d-rendered-RGB\149.png,C:\Users\ji\Documents\ScanNet-master\data\scene0000_00\scene0000_00_2d-label-filt\label-filt\149.png
0000_00,C:\Users\ji\Documents\ScanNet-master\data\scene0000_00\2d-rendered-RGB\150.png,C:\Users\ji\Documents\ScanNet-master\data\scene0000_00\scene0000_00_2d-label-filt\label-filt\150.png
0000_00,C:\Users\ji\Documents\ScanNet-master\data\scene0000_00\2d-rendered-RGB\151.png,C:\Users\ji\Documents\ScanNet-master\data\scene0000_00\scene0000_00_2d-label-filt\label-filt\151.png
0000_00,C:\Users\ji\Documents\ScanNet-master\data\scene0000_00\2d-rendered-RGB\152.png,C:\Users\ji\Documents\ScanNet-master\data\scene0000_00\scene0000_00_2d-label-filt\label-filt\152.png
0000_00,C:\Users\ji\Documents\ScanNet-master\data\scene0000_00\2d-rendered-RGB\153.png,C:\Users\ji\Documents\ScanNet-master\data\scene0000_00\scene0000_00_2d-label-filt\label-filt\153.png
0000_00,C:\Users\ji\Documents\ScanNet-master\data\scene0000_00\2d-rendered-RGB\154.png,C:\Users\ji\Documents\ScanNet-master\data\scene0000_00\scene0000_00_2d-label-filt\label-filt\154.png
0000_00,C:\Users\ji\Documents\ScanNet-master\data\scene0000_00\2d-rendered-RGB\155.png,C:\Users\ji\Documents\ScanNet-master\data\scene0000_00\scene0000_00_2d-label-filt\label-filt\155.png
0000_00,C:\Users\ji\Documents\ScanNet-master\data\scene0000_00\2d-rendered-RGB\156.png,C:\Users\ji\Documents\ScanNet-master\data\scene0000_00\scene0000_00_2d-label-filt\label-filt\156.png
0000_00,C:\Users\ji\Documents\ScanNet-master\data\scene0000_00\2d-rendered-RGB\157.png,C:\Users\ji\Documents\ScanNet-master\data\scene0000_00\scene0000_00_2d-label-filt\label-filt\157.png
0000_00,C:\Users\ji\Documents\ScanNet-master\data\scene0000_00\2d-rendered-RGB\158.png,C:\Users\ji\Documents\ScanNet-master\data\scene0000_00\scene0000_00_2d-label-filt\label-filt\158.png
0000_00,C:\Users\ji\Documents\ScanNet-master\data\scene0000_00\2d-rendered-RGB\159.png,C:\Users\ji\Documents\ScanNet-master\data\scene0000_00\scene0000_00_2d-label-filt\label-filt\159.png
0000_00,C:\Users\ji\Documents\ScanNet-master\data\scene0000_00\2d-rendered-RGB\160.png,C:\Users\ji\Documents\ScanNet-master\data\scene0000_00\scene0000_00_2d-label-filt\label-filt\160.png
0000_00,C:\Users\ji\Documents\ScanNet-master\data\scene0000_00\2d-rendered-RGB\161.png,C:\Users\ji\Documents\ScanNet-master\data\scene0000_00\scene0000_00_2d-label-filt\label-filt\161.png
0000_00,C:\Users\ji\Documents\ScanNet-master\data\scene0000_00\2d-rendered-RGB\162.png,C:\Users\ji\Documents\ScanNet-master\data\scene0000_00\scene0000_00_2d-label-filt\label-filt\162.png
0000_00,C:\Users\ji\Documents\ScanNet-master\data\scene0000_00\2d-rendered-RGB\163.png,C:\Users\ji\Documents\ScanNet-master\data\scene0000_00\scene0000_00_2d-label-filt\label-filt\163.png
0000_00,C:\Users\ji\Documents\ScanNet-master\data\scene0000_00\2d-rendered-RGB\164.png,C:\Users\ji\Documents\ScanNet-master\data\scene0000_00\scene0000_00_2d-label-filt\label-filt\164.png
0000_00,C:\Users\ji\Documents\ScanNet-master\data\scene0000_00\2d-rendered-RGB\165.png,C:\Users\ji\Documents\ScanNet-master\data\scene0000_00\scene0000_00_2d-label-filt\label-filt\165.png
0000_00,C:\Users\ji\Documents\ScanNet-master\data\scene0000_00\2d-rendered-RGB\166.png,C:\Users\ji\Documents\ScanNet-master\data\scene0000_00\scene0000_00_2d-label-filt\label-filt\166.png
0000_00,C:\Users\ji\Documents\ScanNet-master\data\scene0000_00\2d-rendered-RGB\167.png,C:\Users\ji\Documents\ScanNet-master\data\scene0000_00\scene0000_00_2d-label-filt\label-filt\167.png
0000_00,C:\Users\ji\Documents\ScanNet-master\data\scene0000_00\2d-rendered-RGB\168.png,C:\Users\ji\Documents\ScanNet-master\data\scene0000_00\scene0000_00_2d-label-filt\label-filt\168.png
0000_00,C:\Users\ji\Documents\ScanNet-master\data\scene0000_00\2d-rendered-RGB\169.png,C:\Users\ji\Documents\ScanNet-master\data\scene0000_00\scene0000_00_2d-label-filt\label-filt\169.png
0000_00,C:\Users\ji\Documents\ScanNet-master\data\scene0000_00\2d-rendered-RGB\170.png,C:\Users\ji\Documents\ScanNet-master\data\scene0000_00\scene0000_00_2d-label-filt\label-filt\170.png
0000_00,C:\Users\ji\Documents\ScanNet-master\data\scene0000_00\2d-rendered-RGB\171.png,C:\Users\ji\Documents\ScanNet-master\data\scene0000_00\scene0000_00_2d-label-filt\label-filt\171.png
0000_00,C:\Users\ji\Documents\ScanNet-master\data\scene0000_00\2d-rendered-RGB\172.png,C:\Users\ji\Documents\ScanNet-master\data\scene0000_00\scene0000_00_2d-label-filt\label-filt\172.png
0000_00,C:\Users\ji\Documents\ScanNet-master\data\scene0000_00\2d-rendered-RGB\173.png,C:\Users\ji\Documents\ScanNet-master\data\scene0000_00\scene0000_00_2d-label-filt\label-filt\173.png
0000_00,C:\Users\ji\Documents\ScanNet-master\data\scene0000_00\2d-rendered-RGB\174.png,C:\Users\ji\Documents\ScanNet-master\data\scene0000_00\scene0000_00_2d-label-filt\label-filt\174.png
0000_00,C:\Users\ji\Documents\ScanNet-master\data\scene0000_00\2d-rendered-RGB\175.png,C:\Users\ji\Documents\ScanNet-master\data\scene0000_00\scene0000_00_2d-label-filt\label-filt\175.png
0000_00,C:\Users\ji\Documents\ScanNet-master\data\scene0000_00\2d-rendered-RGB\176.png,C:\Users\ji\Documents\ScanNet-master\data\scene0000_00\scene0000_00_2d-label-filt\label-filt\176.png
0000_00,C:\Users\ji\Documents\ScanNet-master\data\scene0000_00\2d-rendered-RGB\177.png,C:\Users\ji\Documents\ScanNet-master\data\scene0000_00\scene0000_00_2d-label-filt\label-filt\177.png
0000_00,C:\Users\ji\Documents\ScanNet-master\data\scene0000_00\2d-rendered-RGB\178.png,C:\Users\ji\Documents\ScanNet-master\data\scene0000_00\scene0000_00_2d-label-filt\label-filt\178.png
0000_00,C:\Users\ji\Documents\ScanNet-master\data\scene0000_00\2d-rendered-RGB\179.png,C:\Users\ji\Documents\ScanNet-master\data\scene0000_00\scene0000_00_2d-label-filt\label-filt\179.png
0000_00,C:\Users\ji\Documents\ScanNet-master\data\scene0000_00\2d-rendered-RGB\180.png,C:\Users\ji\Documents\ScanNet-master\data\scene0000_00\scene0000_00_2d-label-filt\label-filt\180.png
0000_00,C:\Users\ji\Documents\ScanNet-master\data\scene0000_00\2d-rendered-RGB\181.png,C:\Users\ji\Documents\ScanNet-master\data\scene0000_00\scene0000_00_2d-label-filt\label-filt\181.png
0000_00,C:\Users\ji\Documents\ScanNet-master\data\scene0000_00\2d-rendered-RGB\182.png,C:\Users\ji\Documents\ScanNet-master\data\scene0000_00\scene0000_00_2d-label-filt\label-filt\182.png
0000_00,C:\Users\ji\Documents\ScanNet-master\data\scene0000_00\2d-rendered-RGB\183.png,C:\Users\ji\Documents\ScanNet-master\data\scene0000_00\scene0000_00_2d-label-filt\label-filt\183.png
0000_00,C:\Users\ji\Documents\ScanNet-master\data\scene0000_00\2d-rendered-RGB\184.png,C:\Users\ji\Documents\ScanNet-master\data\scene0000_00\scene0000_00_2d-label-filt\label-filt\184.png
0000_00,C:\Users\ji\Documents\ScanNet-master\data\scene0000_00\2d-rendered-RGB\185.png,C:\Users\ji\Documents\ScanNet-master\data\scene0000_00\scene0000_00_2d-label-filt\label-filt\185.png
0000_00,C:\Users\ji\Documents\ScanNet-master\data\scene0000_00\2d-rendered-RGB\186.png,C:\Users\ji\Documents\ScanNet-master\data\scene0000_00\scene0000_00_2d-label-filt\label-filt\186.png
0000_00,C:\Users\ji\Documents\ScanNet-master\data\scene0000_00\2d-rendered-RGB\187.png,C:\Users\ji\Documents\ScanNet-master\data\scene0000_00\scene0000_00_2d-label-filt\label-filt\187.png
0000_00,C:\Users\ji\Documents\ScanNet-master\data\scene0000_00\2d-rendered-RGB\188.png,C:\Users\ji\Documents\ScanNet-master\data\scene0000_00\scene0000_00_2d-label-filt\label-filt\188.png
0000_00,C:\Users\ji\Documents\ScanNet-master\data\scene0000_00\2d-rendered-RGB\189.png,C:\Users\ji\Documents\ScanNet-master\data\scene0000_00\scene0000_00_2d-label-filt\label-filt\189.png
0000_00,C:\Users\ji\Documents\ScanNet-master\data\scene0000_00\2d-rendered-RGB\190.png,C:\Users\ji\Documents\ScanNet-master\data\scene0000_00\scene0000_00_2d-label-filt\label-filt\190.png
0000_00,C:\Users\ji\Documents\ScanNet-master\data\scene0000_00\2d-rendered-RGB\191.png,C:\Users\ji\Documents\ScanNet-master\data\scene0000_00\scene0000_00_2d-label-filt\label-filt\191.png
0000_00,C:\Users\ji\Documents\ScanNet-master\data\scene0000_00\2d-rendered-RGB\192.png,C:\Users\ji\Documents\ScanNet-master\data\scene0000_00\scene0000_00_2d-label-filt\label-filt\192.png
0000_00,C:\Users\ji\Documents\ScanNet-master\data\scene0000_00\2d-rendered-RGB\193.png,C:\Users\ji\Documents\ScanNet-master\data\scene0000_00\scene0000_00_2d-label-filt\label-filt\193.png
0000_00,C:\Users\ji\Documents\ScanNet-master\data\scene0000_00\2d-rendered-RGB\194.png,C:\Users\ji\Documents\ScanNet-master\data\scene0000_00\scene0000_00_2d-label-filt\label-filt\194.png
0000_00,C:\Users\ji\Documents\ScanNet-master\data\scene0000_00\2d-rendered-RGB\195.png,C:\Users\ji\Documents\ScanNet-master\data\scene0000_00\scene0000_00_2d-label-filt\label-filt\195.png
0000_00,C:\Users\ji\Documents\ScanNet-master\data\scene0000_00\2d-rendered-RGB\196.png,C:\Users\ji\Documents\ScanNet-master\data\scene0000_00\scene0000_00_2d-label-filt\label-filt\196.png
0000_00,C:\Users\ji\Documents\ScanNet-master\data\scene0000_00\2d-rendered-RGB\197.png,C:\Users\ji\Documents\ScanNet-master\data\scene0000_00\scene0000_00_2d-label-filt\label-filt\197.png
0000_00,C:\Users\ji\Documents\ScanNet-master\data\scene0000_00\2d-rendered-RGB\198.png,C:\Users\ji\Documents\ScanNet-master\data\scene0000_00\scene0000_00_2d-label-filt\label-filt\198.png
0000_00,C:\Users\ji\Documents\ScanNet-master\data\scene0000_00\2d-rendered-RGB\199.png,C:\Users\ji\Documents\ScanNet-master\data\scene0000_00\scene0000_00_2d-label-filt\label-filt\199.png
0000_00,C:\Users\ji\Documents\ScanNet-master\data\scene0000_00\2d-rendered-RGB\200.png,C:\Users\ji\Documents\ScanNet-master\data\scene0000_00\scene0000_00_2d-label-filt\label-filt\200.png
